Target Location	Geonames ID	Latitude	Longitude
Nationwide			
Nationwide			
Nationwide			
Nationwide			
Kampong Cham			
Kampong Chhnang			
Kampong Speu			
Kampong Thom			
Kampong Speu			
Kampong Cham			
Kampong Chhnang			
Kratie			
Prey Veng			
Kampong Thom			
Kampong Cham			
Kampong Chhnang			
Kampong Speu			
Kampong Thom			
Nationwide			
Kampot			
Takeo			
Nationwide			
Nationwide			
Nationwide			
Nationwide			
Nationwide			
Nationwide			
Nationwide			
Nationwide			
Nationwide			
Nationwide			
Nationwide			
Nationwide			
Nationwide			
Nationwide			
Nationwide			
Nationwide			
Nationwide			
Nationwide			
Nationwide			
Kampong Thom			
Kampot			
Prey Veng			
Kandal			
Kampot			
Svay Rieng			
Takeo			
Prey Veng			
Kandal			
Kampot			
Svay Rieng			
Takeo			
Kratie			
Preah Vihear			
Ratanak Kiri			
Nationwide			
Kratie			
Preah Vihear			
Ratanak Kiri			
Prey Veng			
Svay Rieng			
Kampong Thom			
Kampot			
Banteay Meanchey			
Kampong Cham			
Siem Reap			
Kampong Thom			
Banteay Meanchey			
Kampong Cham			
Siem Reap			
Kampong Thom			
Preah Sihanouk			
Kampong Cham			
Kampot			
Otdar Meanchey			
Banteay Meanchey			
Siem Reap			
Phnom Penh			
Nationwide			
Nationwide			
Kampong Thom			
Ratanak Kiri			
Mondul Kiri			
Preah Vihear			
Nationwide			
Nationwide			
Nationwide			
Pailin			
Battambang			
Banteay Meanchey			
Nationwide			
Kampong Speu			
Phnom Penh			
Mondul Kiri			
Ratanak Kiri			
Nationwide			
Nationwide			
Banteay Meanchey			
Battambang			
Otdar Meanchey			
Nationwide			
Nationwide			
Nationwide			
Otdar Meanchey			
			
			
			
			
			
Nationwide			
Nationwide			
Nationwide			
Battambang			
Pursat			
Kampong Chhnang			
Nationwide			
Siem Reap			
Battambang			
Nationwide			
Nationwide			
Nationwide			
Nationwide			
Nationwide			
Nationwide			
Mondul Kiri			
Ratanak Kiri			
Battambang			
Nationwide			
Nationwide			
Nationwide			
Kampong Speu			
Kampong Thom			
Takeo			
Svay Rieng			
Siem Reap			
Pursat			
Prey Veng			
Kampot			
Kampong Chhnang			
Battambang			
Banteay Meanchey			
Kampong Cham			
Kandal			
Nationwide			
Nationwide			
Kampong Speu			
Kampot			
Prey Veng			
Takeo			
Nationwide			
Nationwide			
Kampong Cham			
Preah Sihanouk			
Nationwide			
Nationwide			
Nationwide			
Kratie			
Phnom Penh			
Nationwide			
Nationwide			
Nationwide			
Nationwide			
Nationwide			
Nationwide			
Nationwide			
Nationwide			
Nationwide			
Nationwide			
Kampong Thom			
Nationwide			
Nationwide			
Phnom Penh			
Nationwide			
Nationwide			
Nationwide			
Nationwide			
Nationwide			
Banteay Meanchey			
Otdar Meanchey			
Kampong Chhnang			
Kampong Thom			
Battambang			
Pursat			
Siem Reap			
Kampong Thom			
Battambang			
Nationwide			
Kampong Thom			
Battambang			
Preah Sihanouk			
Nationwide			
Nationwide			
Kampong Chhnang			
Kampong Speu			
Kampong Thom			
Phnom Penh			
Nationwide			
Kampong Chhnang			
Phnom Penh			
Phnom Penh			
Pursat			
Phnom Penh			
Pursat			
Kandal			
Pursat			
Mondul Kiri			
Ratanak Kiri			
Stung Treng			
Phnom Penh			
Nationwide			
Takeo			
Ratanak Kiri			
Stung Treng			
Battambang			
Ratanak Kiri			
Pailin			
Kampong Speu			
Svay Rieng			
Battambang			
Kampong Cham			
Nationwide			
Pailin			
Phnom Penh			
Pursat			
Siem Reap			
Koh Kong			
Nationwide			
Phnom Penh			
Phnom Penh			
Nationwide			
Phnom Penh			
Battambang			
Siem Reap			
Kampong Chhnang			
Pursat			
Kampong Thom			
Kampong Cham			
Kampong Cham			
Nationwide			
Phnom Penh			
Prey Veng			
Kampong Thom			
Nationwide			
Phnom Penh			
Kampong Cham			
Siem Reap			
Nationwide			
Nationwide			
Svay Rieng			
Nationwide			
Nationwide			
Nationwide			
Phnom Penh			
Phnom Penh			
Preah Vihear			
Phnom Penh			
Phnom Penh			
Nationwide			
Kampong Cham			
Siem Reap			
Battambang			
Nationwide			
Banteay Meanchey			
Nationwide			
Kampong Cham			
Kampong Cham			
Nationwide			
Nationwide			
Battambang			
Nationwide			
Battambang			
Battambang			
Pursat			
Preah Vihear			
Pailin			
Nationwide			
Battambang			
Pailin			
Nationwide			
Banteay Meanchey			
Nationwide			
Kandal			
Pailin			
Nationwide			
Nationwide			
Nationwide			
Nationwide			
Kampong Thom			
Kampong Thom			
Kampong Thom			
Kampong Chhnang			
Kampong Chhnang			
Preah Vihear			
Battambang			
Preah Sihanouk			
Svay Rieng			
Battambang			
Kampot			
Kampong Cham			
Kampong Thom			
Pursat			
Siem Reap			
Nationwide			
Phnom Penh			
Pursat			
Kampong Thom			
Siem Reap			
Kampot			
Battambang			
Preah Sihanouk			
Nationwide			
Nationwide			
Nationwide			
Nationwide			
Nationwide			
Kampong Cham			
Kampong Speu			
Svay Rieng			
Kandal			
Nationwide			
Nationwide			
Nationwide			
Nationwide			
Nationwide			
Nationwide			
Nationwide			
Nationwide			
Nationwide			
			
Preah Sihanouk			
Preah Sihanouk			
Nationwide			
Nationwide			
Nationwide			
Nationwide			
Phnom Penh			
Kampong Speu			
Kandal			
Nationwide			
			
Kampot			
Kep			
Koh Kong			
Preah Sihanouk			
Nationwide			
Kandal			
Prey Veng			
Nationwide			
Battambang			
Battambang			
Siem Reap			
Kampong Chhnang			
Pursat			
Kampong Thom			
Nationwide			
Nationwide			
Nationwide			
Nationwide			
Nationwide			
Kandal			
Pursat			
Takeo			
Nationwide			
Nationwide			
Battambang			
Pursat			
Kampong Chhnang			
Phnom Penh			
Nationwide			
Nationwide			
Nationwide			
Nationwide			
Mondul Kiri			
Nationwide			
Nationwide			
Nationwide			
Battambang			
Nationwide			
Preah Sihanouk			
Nationwide			
Kandal			
Ratanak Kiri			
Ratanak Kiri			
Kampong Chhnang			
Ratanak Kiri			
Prey Veng			
Kratie			
Kampong Speu			
Prey Veng			
Kampong Chhnang			
Nationwide			
Pursat			
Phnom Penh			
Phnom Penh			
Phnom Penh			
Prey Veng			
Battambang			
Prey Veng			
Battambang			
Siem Reap			
Battambang			
Nationwide			
Ratanak Kiri			
Kratie			
Kampong Cham			
Preah Vihear			
Siem Reap			
Takeo			
Stung Treng			
Battambang			
Battambang			
Phnom Penh			
Nationwide			
Kampong Thom			
Kandal			
Kampong Thom			
Takeo			
Banteay Meanchey			
Banteay Meanchey			
Pursat			
Kampot			
Battambang			
Kandal			
Nationwide			
Kampong Cham			
Phnom Penh			
Prey Veng			
Takeo			
Kampot			
Kampot			
Kampong Cham			
Takeo			
Stung Treng			
Kampong Thom			
Nationwide			
Prey Veng			
Preah Sihanouk			
Nationwide			
Nationwide			
Phnom Penh			
Banteay Meanchey			
Kampong Cham			
Kandal			
Ratanak Kiri			
Siem Reap			
Phnom Penh			
Takeo			
Nationwide			
Kampong Speu			
Phnom Penh			
Nationwide			
Nationwide			
Koh Kong			
Nationwide			
Preah Sihanouk			
Battambang			
Kampong Cham			
Takeo			
Phnom Penh			
Battambang			
Siem Reap			
Kampong Chhnang			
Pursat			
Kampong Thom			
Kampong Chhnang			
Prey Veng			
Phnom Penh			
Kampong Chhnang			
Nationwide			
Nationwide			
Nationwide			
Nationwide			
Nationwide			
Nationwide			
Nationwide			
Nationwide			
Nationwide			
Nationwide			
Kandal			
Preah Sihanouk			
Kandal			
Pursat			
Preah Vihear			
Pailin			
Battambang			
Pursat			
Siem Reap			
Kampong Thom			
Kampong Chhnang			
Battambang			
Siem Reap			
Kampong Chhnang			
Pursat			
Kampong Thom			
Siem Reap			
Kampong Chhnang			
Kampong Thom			
Pursat			
Takeo			
Kampong Thom			
Nationwide			
Kampong Thom			
Prey Veng			
Prey Veng			
			
Kampong Speu			
Nationwide			
Battambang			
Nationwide			
Battambang			
Kampong Cham			
Kampong Chhnang			
Kandal			
Nationwide			
Nationwide			
Kratie			
Takeo			
Preah Sihanouk			
Pursat			
Kampong Chhnang			
Kampot			
Phnom Penh			
Kandal			
Siem Reap			
Battambang			
Siem Reap			
Kampong Chhnang			
Pursat			
Kampong Thom			
Banteay Meanchey			
Phnom Penh			
Mondul Kiri			
Nationwide			
Svay Rieng			
Kratie			
Nationwide			
Preah Sihanouk			
Siem Reap			
Kampong Thom			
Takeo			
Kampot			
Kampong Thom			
Siem Reap			
Nationwide			
Battambang			
Phnom Penh			
Battambang			
Phnom Penh			
Phnom Penh			
Prey Veng			
Prey Veng			
Phnom Penh			
Phnom Penh			
Prey Veng			
Nationwide			
Phnom Penh			
Nationwide			
Nationwide			
Kampong Cham			
Battambang			
Takeo			
Siem Reap			
Kampong Cham			
Kratie			
Kampong Cham			
Nationwide			
Pursat			
Pursat			
Kep			
Prey Veng			
Takeo			
Takeo			
Prey Veng			
Mondul Kiri			
Kampong Chhnang			
Banteay Meanchey			
Nationwide			
Kandal			
Kandal			
Pursat			
Prey Veng			
Pursat			
Battambang			
Preah Sihanouk			
Kratie			
Kampong Cham			
Prey Veng			
Nationwide			
Nationwide			
Nationwide			
Nationwide			
Preah Sihanouk			
Nationwide			
Battambang			
Kampong Cham			
Kampong Speu			
Svay Rieng			
Kandal			
Kampong Speu			
Takeo			
Siem Reap			
Kampong Cham			
Kandal			
Kampong Speu			
Battambang			
Kampong Thom			
Otdar Meanchey			
Preah Vihear			
Kampong Thom			
Otdar Meanchey			
Preah Vihear			
Battambang			
Banteay Meanchey			
Nationwide			
Battambang			
Battambang			
Pailin			
Battambang			
Pailin			
Kampong Thom			
Otdar Meanchey			
Preah Vihear			
Kampong Thom			
Otdar Meanchey			
Preah Vihear			
Preah Vihear			
Pailin			
Battambang			
Banteay Meanchey			
Battambang			
Battambang			
Pursat			
Kampong Speu			
Kampong Chhnang			
Prey Veng			
Kampong Speu			
Kampong Chhnang			
Kandal			
Prey Veng			
Pursat			
Nationwide			
Nationwide			
Banteay Meanchey			
Nationwide			
Kandal			
Phnom Penh			
Preah Sihanouk			
Kandal			
Nationwide			
Nationwide			
Mondul Kiri			
Preah Sihanouk			
Nationwide			
Phnom Penh			
Nationwide			
Nationwide			
Nationwide			
Kep			
Kampong Thom			
Kratie			
Kampong Cham			
Kampong Speu			
Svay Rieng			
Kandal			
Nationwide			
Preah Sihanouk			
Nationwide			
Nationwide			
Nationwide			
Nationwide			
Preah Sihanouk			
Nationwide			
Phnom Penh			
Nationwide			
Battambang			
Pursat			
Kampong Chhnang			
Nationwide			
Kampot			
Takeo			
Phnom Penh			
Koh Kong			
Kandal			
Nationwide			
Battambang			
Banteay Meanchey			
Nationwide			
Kratie			
Pursat			
Nationwide			
Nationwide			
Nationwide			
Phnom Penh			
Nationwide			
Phnom Penh			
Nationwide			
Preah Sihanouk			
Otdar Meanchey			
Siem Reap			
Siem Reap			
Siem Reap			
Siem Reap			
Banteay Meanchey			
Siem Reap			
Preah Vihear			
Phnom Penh			
Mondul Kiri			
Nationwide			
Nationwide			
Phnom Penh			
Battambang			
Siem Reap			
Kampong Chhnang			
Pursat			
Kampong Thom			
Otdar Meanchey			
Banteay Meanchey			
Otdar Meanchey			
Siem Reap			
Banteay Meanchey			
Mondul Kiri			
Pursat			
Ratanak Kiri			
Kampong Speu			
Nationwide			
Nationwide			
Nationwide			
Mondul Kiri			
Ratanak Kiri			
Phnom Penh			
Stung Treng			
Kampong Thom			
Preah Vihear			
Koh Kong			
Kratie			
Kampong Cham			
Kampot			
Siem Reap			
Ratanak Kiri			
Mondul Kiri			
Nationwide			
Nationwide			
Nationwide			
Kampong Cham			
Prey Veng			
Takeo			
Nationwide			
Nationwide			
Nationwide			
Nationwide			
Nationwide			
Nationwide			
Nationwide			
Nationwide			
Nationwide			
Nationwide			
Nationwide			
Nationwide			
Nationwide			
Nationwide			
Nationwide			
Nationwide			
Nationwide			
Nationwide			
Nationwide			
Nationwide			
Pursat			
Siem Reap			
Battambang			
Banteay Meanchey			
Kampong Chhnang			
Kampong Thom			
Nationwide			
Nationwide			
Nationwide			
Nationwide			
Nationwide			
Nationwide			
Kampong Cham			
Siem Reap			
Nationwide			
Kampong Chhnang			
Nationwide			
Phnom Penh			
Battambang			
Siem Reap			
			
Nationwide			
Phnom Penh			
Phnom Penh			
Phnom Penh			
Phnom Penh			
Phnom Penh			
Battambang			
Siem Reap			
Kampong Chhnang			
Pursat			
Kampong Thom			
Phnom Penh			
Phnom Penh			
Phnom Penh			
Takeo			
Siem Reap			
Kampong Speu			
Kampong Cham			
Kampong Speu			
Takeo			
Kampong Cham			
Phnom Penh			
Phnom Penh			
Siem Reap			
Kampong Speu			
Takeo			
Battambang			
Nationwide			
Nationwide			
Nationwide			
Nationwide			
Nationwide			
Nationwide			
Nationwide			
Nationwide			
Nationwide			
Nationwide			
Nationwide			
Siem Reap			
Nationwide			
Prey Veng			
Ratanak Kiri			
Ratanak Kiri			
Nationwide			
Phnom Penh			
Kampong Thom			
Nationwide			
Phnom Penh			
			
Battambang			
Nationwide			
Kampong Speu			
Nationwide			
Nationwide			
Nationwide			
Phnom Penh			
Phnom Penh			
Nationwide			
Phnom Penh			
Siem Reap			
Kampong Speu			
Kandal			
Kampong Chhnang			
Nationwide			
Nationwide			
Siem Reap			
Nationwide			
Nationwide			
Banteay Meanchey			
Otdar Meanchey			
Nationwide			
Phnom Penh			
Kandal			
Kampot			
Takeo			
Nationwide			
Nationwide			
Kandal			
Nationwide			
Kratie			
Nationwide			
Nationwide			
Battambang			
Battambang			
Kampong Cham			
Kampong Cham			
Kampong Chhnang			
Nationwide			
Kampot			
Nationwide			
Nationwide			
Nationwide			
Nationwide			
Nationwide			
Nationwide			
Nationwide			
Kampot			
			
Nationwide			
Nationwide			
Nationwide			
Kampong Chhnang			
Battambang			
Kampong Chhnang			
Banteay Meanchey			
Siem Reap			
Pursat			
Battambang			
			
Battambang			
Nationwide			
Nationwide			
Nationwide			
Nationwide			
Phnom Penh			
Kampot			
Phnom Penh			
Takeo			
Kampot			
Battambang			
Nationwide			
Nationwide			
Battambang			
Nationwide			
Nationwide			
Siem Reap			
Phnom Penh			
Kampong Cham			
Nationwide			
Kampong Cham			
Kampot			
Koh Kong			
Preah Sihanouk			
Siem Reap			
Kampot			
Siem Reap			
Nationwide			
Phnom Penh			
Nationwide			
Nationwide			
Kampong Cham			
Kampong Speu			
Kandal			
Nationwide			
Phnom Penh			
Phnom Penh			
Nationwide			
Nationwide			
Nationwide			
Nationwide			
Kampot			
Kampong Cham			
Kampong Cham			
Kampong Thom			
Siem Reap			
			
Nationwide			
Phnom Penh			
Nationwide			
Kampong Chhnang			
Kampong Cham			
Kampong Thom			
Siem Reap			
Battambang			
Banteay Meanchey			
Kandal			
Battambang			
Kampong Chhnang			
Pursat			
Siem Reap			
Siem Reap			
Kampong Cham			
Siem Reap			
Nationwide			
Nationwide			
Kampong Cham			
Siem Reap			
Nationwide			
Nationwide			
Kampong Cham			
Phnom Penh			
Nationwide			
Siem Reap			
			
Phnom Penh			
Kampong Thom			
Preah Vihear			
Battambang			
Banteay Meanchey			
Pursat			
Kampong Chhnang			
Siem Reap			
Otdar Meanchey			
Nationwide			
Nationwide			
			
Nationwide			
Nationwide			
Nationwide			
Kratie			
Kampong Cham			
Nationwide			
Stung Treng			
Kratie			
Mondul Kiri			
Ratanak Kiri			
Stung Treng			
Battambang			
Kampot			
Phnom Penh			
Siem Reap			
Nationwide			
Kampong Speu			
Svay Rieng			
Stung Treng			
Stung Treng			
Stung Treng			
Kratie			
Nationwide			
Nationwide			
Kratie			
Stung Treng			
Mondul Kiri			
Ratanak Kiri			
Battambang			
Kratie			
Stung Treng			
Mondul Kiri			
Ratanak Kiri			
Banteay Meanchey			
Pursat			
Battambang			
Kampong Thom			
Siem Reap			
Otdar Meanchey			
Phnom Penh			
Kampong Chhnang			
Nationwide			
Nationwide			
Nationwide			
Nationwide			
Nationwide			
Nationwide			
Nationwide			
Nationwide			
Nationwide			
Kratie			
Nationwide			
Kratie			
Stung Treng			
Mondul Kiri			
Ratanak Kiri			
Nationwide			
Nationwide			
Nationwide			
Ratanak Kiri			
Stung Treng			
Kratie			
Nationwide			
Ratanak Kiri			
Nationwide			
Nationwide			
Nationwide			
Kratie			
Stung Treng			
Mondul Kiri			
Ratanak Kiri			
Nationwide			
Kratie			
Stung Treng			
Mondul Kiri			
Ratanak Kiri			
Kratie			
Svay Rieng			
Kampong Cham			
Nationwide			
Stung Treng			
Kratie			
Stung Treng			
Kratie			
Mondul Kiri			
Ratanak Kiri			
Kratie			
Stung Treng			
Phnom Penh			
Ratanak Kiri			
Stung Treng			
Nationwide			
Banteay Meanchey			
Kampong Cham			
Siem Reap			
Kampong Thom			
Ratanak Kiri			
Stung Treng			
Kratie			
Mondul Kiri			
Ratanak Kiri			
Nationwide			
Ratanak Kiri			
Kampot			
Kep			
Koh Kong			
Preah Sihanouk			
Kratie			
Stung Treng			
Mondul Kiri			
Ratanak Kiri			
Ratanak Kiri			
Phnom Penh			
Ratanak Kiri			
Stung Treng			
Nationwide			
Battambang			
Kratie			
Stung Treng			
Mondul Kiri			
Ratanak Kiri			
Nationwide			
Ratanak Kiri			
Stung Treng			
Phnom Penh			
Nationwide			
Stung Treng			
Kratie			
Nationwide			
Kratie			
Stung Treng			
Mondul Kiri			
Ratanak Kiri			
Banteay Meanchey			
Kampong Cham			
Siem Reap			
Kampong Thom			
Phnom Penh			
Ratanak Kiri			
Kratie			
Mondul Kiri			
Nationwide			
Nationwide			
Nationwide			
Nationwide			
			
Nationwide			
Prey Veng			
Svay Rieng			
Nationwide			
Nationwide			
Nationwide			
Nationwide			
Nationwide			
Nationwide			
Nationwide			
Nationwide			
Nationwide			
Nationwide			
Nationwide			
Nationwide			
Nationwide			
Nationwide			
Nationwide			
Nationwide			
Nationwide			
Nationwide			
Nationwide			
Nationwide			
Nationwide			
Nationwide			
Nationwide			
Nationwide			
Nationwide			
Nationwide			
Nationwide			
Stung Treng			
Prey Veng			
Otdar Meanchey			
Kampong Thom			
Kampong Speu			
Svay Rieng			
Nationwide			
Nationwide			
Nationwide			
Nationwide			
Nationwide			
Nationwide			
Nationwide			
Nationwide			
Nationwide			
Nationwide			
Nationwide			
Nationwide			
Nationwide			
Nationwide			
Nationwide			
Nationwide			
Nationwide			
Nationwide			
Nationwide			
Nationwide			
Nationwide			
Nationwide			
Nationwide			
Nationwide			
			
Nationwide			
Nationwide			
Nationwide			
Nationwide			
Nationwide			
Nationwide			
Nationwide			
Nationwide			
Nationwide			
Nationwide			
Nationwide			
Nationwide			
Nationwide			
Nationwide			
Siem Reap			
Nationwide			
Nationwide			
Pailin			
Battambang			
Banteay Meanchey			
Stung Treng			
Kratie			
Battambang			
Kratie			
Svay Rieng			
Kampong Cham			
Nationwide			
Nationwide			
Phnom Penh			
Nationwide			
Banteay Meanchey			
Preah Sihanouk			
Battambang			
Kampong Chhnang			
Phnom Penh			
Kampong Speu			
Banteay Meanchey			
			
			
Siem Reap			
Phnom Penh			
Prey Veng			
Koh Kong			
Nationwide			
Nationwide			
Nationwide			
Nationwide			
Nationwide			
Nationwide			
Nationwide			
Nationwide			
Nationwide			
Ratanak Kiri			
Nationwide			
Nationwide			
Nationwide			
Nationwide			
Nationwide			
Nationwide			
Nationwide			
Nationwide			
Nationwide			
Nationwide			
Nationwide			
Nationwide			
Nationwide			
Kampong Chhnang			
Preah Sihanouk			
Mondul Kiri			
Nationwide			
Nationwide			
Nationwide			
Nationwide			
Nationwide			
Nationwide			
Nationwide			
Nationwide			
Nationwide			
Nationwide			
Nationwide			
Kampong Cham			
Kampong Speu			
Kampong Thom			
Kampot			
Kratie			
Mondul Kiri			
Preah Vihear			
Pursat			
Siem Reap			
Preah Sihanouk			
Stung Treng			
Kep			
Koh Kong			
Ratanak Kiri			
Nationwide			
Nationwide			
Nationwide			
Preah Sihanouk			
Phnom Penh			
Kampong Chhnang			
Kandal			
Kampot			
Nationwide			
Prey Veng			
Kampong Cham			
Battambang			
Svay Rieng			
Nationwide			
Nationwide			
Nationwide			
Nationwide			
Nationwide			
Nationwide			
Nationwide			
Nationwide			
Nationwide			
Nationwide			
Nationwide			
Nationwide			
Nationwide			
Nationwide			
Nationwide			
			
Nationwide			
Nationwide			
Nationwide			
Nationwide			
Nationwide			
Phnom Penh			
Phnom Penh			
Phnom Penh			
Phnom Penh			
Phnom Penh			
Phnom Penh			
Nationwide			
Phnom Penh			
Phnom Penh			
Phnom Penh			
Phnom Penh			
Phnom Penh			
Phnom Penh			
Phnom Penh			
Phnom Penh			
Phnom Penh			
Phnom Penh			
Nationwide			
Phnom Penh			
Phnom Penh			
Phnom Penh			
Phnom Penh			
Phnom Penh			
Phnom Penh			
Phnom Penh			
Phnom Penh			
Phnom Penh			
Phnom Penh			
Nationwide			
Phnom Penh			
Phnom Penh			
Phnom Penh			
Phnom Penh			
Phnom Penh			
Battambang			
Phnom Penh			
Prey Veng			
Siem Reap			
Kampong Chhnang			
Kampong Thom			
Kratie			
Nationwide			
Nationwide			
Preah Vihear			
Phnom Penh			
Takeo			
Kampong Speu			
Nationwide			
Banteay Meanchey			
Kampong Cham			
Siem Reap			
Kampong Thom			
Nationwide			
Nationwide			
Nationwide			
Mondul Kiri			
Otdar Meanchey			
Phnom Penh			
Preah Vihear			
Pailin			
Kampong Cham			
Phnom Penh			
Nationwide			
Pailin			
Kandal			
Battambang			
Banteay Meanchey			
Kampong Chhnang			
Phnom Penh			
Kep			
Kampot			
Kampong Cham			
Takeo			
Kampong Speu			
Siem Reap			
Phnom Penh			
Banteay Meanchey			
Battambang			
Kampong Thom			
Ratanak Kiri			
Mondul Kiri			
Preah Vihear			
Nationwide			
Nationwide			
Nationwide			
Nationwide			
Nationwide			
Battambang			
			
Nationwide			
Phnom Penh			
Nationwide			
Phnom Penh			
Nationwide			
Nationwide			
Mondul Kiri			
Ratanak Kiri			
Siem Reap			
Kampong Chhnang			
Kampong Speu			
Phnom Penh			
Nationwide			
Phnom Penh			
Phnom Penh			
Kampong Speu			
Phnom Penh			
Nationwide			
Nationwide			
Phnom Penh			
Phnom Penh			
Nationwide			
Kampong Cham			
Battambang			
Siem Reap			
Phnom Penh			
Nationwide			
Kratie			
Preah Vihear			
Nationwide			
			
Nationwide			
Phnom Penh			
Nationwide			
Nationwide			
Phnom Penh			
Phnom Penh			
Nationwide			
Nationwide			
Nationwide			
Kampong Speu			
Kampong Chhnang			
Battambang			
Pursat			
			
Nationwide			
Nationwide			
Nationwide			
Phnom Penh			
Phnom Penh			
Kampong Thom			
Siem Reap			
Battambang			
Phnom Penh			
Pursat			
Kampong Chhnang			
Nationwide			
Phnom Penh			
Nationwide			
Nationwide			
Phnom Penh			
Phnom Penh			
Nationwide			
Nationwide			
Preah Vihear			
Siem Reap			
Nationwide			
Nationwide			
Nationwide			
Kampong Thom			
Ratanak Kiri			
Mondul Kiri			
Preah Vihear			
Nationwide			
Nationwide			
Kampong Cham			
Nationwide			
Nationwide			
Phnom Penh			
Nationwide			
Nationwide			
Nationwide			
Nationwide			
Siem Reap			
Nationwide			
Siem Reap			
Siem Reap			
Siem Reap			
Siem Reap			
Siem Reap			
Siem Reap			
Siem Reap			
Nationwide			
Siem Reap			
Phnom Penh			
Nationwide			
Nationwide			
Nationwide			
Nationwide			
Siem Reap			
Nationwide			
Nationwide			
Kampong Cham			
Banteay Meanchey			
Pursat			
Pailin			
Nationwide			
Nationwide			
Siem Reap			
Siem Reap			
Siem Reap			
Siem Reap			
Siem Reap			
Siem Reap			
Siem Reap			
Nationwide			
Nationwide			
Nationwide			
Banteay Meanchey			
Kampong Cham			
Siem Reap			
Kampong Thom			
Battambang			
Siem Reap			
Kampong Chhnang			
Pursat			
Kampong Thom			
Nationwide			
Nationwide			
Nationwide			
Nationwide			
Nationwide			
Phnom Penh			
Nationwide			
Nationwide			
Nationwide			
Siem Reap			
Nationwide			
Nationwide			
Nationwide			
Nationwide			
Nationwide			
Nationwide			
Nationwide			
Nationwide			
Nationwide			
Phnom Penh			
Nationwide			
Nationwide			
Kratie			
Kampong Cham			
Kampong Chhnang			
Banteay Meanchey			
Ratanak Kiri			
Kampong Thom			
Preah Vihear			
Siem Reap			
Nationwide			
Nationwide			
Nationwide			
Nationwide			
Nationwide			
Nationwide			
Nationwide			
Nationwide			
Nationwide			
Nationwide			
Nationwide			
Nationwide			
Stung Treng			
Mondul Kiri			
Ratanak Kiri			
Banteay Meanchey			
Kratie			
Nationwide			
Kratie			
Nationwide			
Banteay Meanchey			
Kampong Chhnang			
Battambang			
Kampong Thom			
Koh Kong			
Kratie			
Mondul Kiri			
Preah Vihear			
Ratanak Kiri			
Siem Reap			
Stung Treng			
Otdar Meanchey			
Pailin			
Kampong Cham			
Nationwide			
Phnom Penh			
Nationwide			
Banteay Meanchey			
Kampong Chhnang			
Battambang			
Kampong Thom			
Koh Kong			
Kratie			
Mondul Kiri			
Preah Vihear			
Ratanak Kiri			
Siem Reap			
Stung Treng			
Otdar Meanchey			
Pailin			
Kampong Cham			
Nationwide			
Nationwide			
Nationwide			
Banteay Meanchey			
Kampong Chhnang			
Battambang			
Kampong Thom			
Koh Kong			
Kratie			
Mondul Kiri			
Preah Vihear			
Ratanak Kiri			
Siem Reap			
Stung Treng			
Otdar Meanchey			
Pailin			
Kampong Cham			
Nationwide			
Nationwide			
Kandal			
Koh Kong			
Pailin			
Otdar Meanchey			
Stung Treng			
Siem Reap			
Ratanak Kiri			
Preah Vihear			
Mondul Kiri			
Kratie			
Kampong Thom			
Kampong Chhnang			
Kampong Cham			
Battambang			
Banteay Meanchey			
Preah Sihanouk			
Kampot			
Kratie			
Banteay Meanchey			
Kampong Chhnang			
Nationwide			
Kandal			
Koh Kong			
Pailin			
Otdar Meanchey			
Stung Treng			
Siem Reap			
Ratanak Kiri			
Preah Vihear			
Mondul Kiri			
Kratie			
Kampong Thom			
Kampong Chhnang			
Kampong Cham			
Battambang			
Banteay Meanchey			
Preah Sihanouk			
Kampot			
Kampong Cham			
Koh Kong			
Kratie			
Kandal			
Koh Kong			
Pailin			
Otdar Meanchey			
Stung Treng			
Siem Reap			
Ratanak Kiri			
Preah Vihear			
Mondul Kiri			
Kratie			
Kampong Thom			
Kampong Chhnang			
Kampong Cham			
Battambang			
Banteay Meanchey			
Preah Sihanouk			
Kampot			
Nationwide			
Kampong Cham			
Koh Kong			
Kratie			
Phnom Penh			
Kratie			
Banteay Meanchey			
Kampong Chhnang			
Battambang			
Kampong Thom			
Koh Kong			
Kratie			
Mondul Kiri			
Preah Vihear			
Ratanak Kiri			
Siem Reap			
Stung Treng			
Otdar Meanchey			
Pailin			
Kampong Cham			
Kampong Cham			
Koh Kong			
Kratie			
Banteay Meanchey			
Kampong Chhnang			
Nationwide			
Nationwide			
Banteay Meanchey			
Kampong Chhnang			
Battambang			
Kampong Thom			
Koh Kong			
Kratie			
Mondul Kiri			
Preah Vihear			
Ratanak Kiri			
Siem Reap			
Stung Treng			
Otdar Meanchey			
Pailin			
Kampong Cham			
Nationwide			
Banteay Meanchey			
Kampong Chhnang			
Battambang			
Kampong Thom			
Koh Kong			
Kratie			
Mondul Kiri			
Preah Vihear			
Ratanak Kiri			
Siem Reap			
Stung Treng			
Otdar Meanchey			
Pailin			
Kampong Cham			
Phnom Penh			
Nationwide			
Nationwide			
			
Banteay Meanchey			
Nationwide			
Nationwide			
Nationwide			
Nationwide			
Phnom Penh			
			
Phnom Penh			
			
Phnom Penh			
Phnom Penh			
Nationwide			
Nationwide			
Nationwide			
Nationwide			
Siem Reap			
Battambang			
Koh Kong			
Banteay Meanchey			
Otdar Meanchey			
Mondul Kiri			
Kampong Thom			
Pailin			
Kratie			
Kampong Cham			
Nationwide			
Nationwide			
Nationwide			
Kandal			
Nationwide			
Svay Rieng			
Banteay Meanchey			
Prey Veng			
Battambang			
-			
-			
-			
-			
Phnom Penh			
Kampong Speu			
Pailin			
Siem Reap			
Mondul Kiri			
Kampong Thom			
Kampong Speu			
-			
Battambang			
Kampong Chhnang			
Siem Reap			
Prey Veng			
-			
Nationwide			
Svay Rieng			
Stung Treng			
Otdar Meanchey			
Nationwide			
Stung Treng			
Prey Veng			
Otdar Meanchey			
Kampong Thom			
Kampong Speu			
Svay Rieng			
Takeo			
Phnom Penh			
Kampong Chhnang			
Nationwide			
Svay Rieng			
Kampong Cham			
Stung Treng			
Prey Veng			
Pursat			
Siem Reap			
Preah Sihanouk			
Otdar Meanchey			
Kampong Thom			
Kampong Speu			
Battambang			
-			
-			
Nationwide			
Stung Treng			
Prey Veng			
Otdar Meanchey			
Kampong Thom			
Kampong Speu			
Svay Rieng			
Nationwide			
Nationwide			
Nationwide			
Nationwide			
Nationwide			
Nationwide			
Nationwide			
Nationwide			
Nationwide			
Nationwide			
Banteay Meanchey			
Battambang			
Kampong Cham			
Siem Reap			
Phnom Penh			
Nationwide			
Banteay Meanchey			
Siem Reap			
Kampong Thom			
Nationwide			
Nationwide			
Nationwide			
Nationwide			
Nationwide			
Nationwide			
Nationwide			
Nationwide			
Nationwide			
Svay Rieng			
Siem Reap			
Stung Treng			
Kampong Cham			
Koh Kong			
Banteay Meanchey			
Kandal			
Battambang			
Phnom Penh			
Nationwide			
Nationwide			
Banteay Meanchey			
Kandal			
Siem Reap			
Kampong Cham			
Battambang			
Phnom Penh			
Phnom Penh			
Nationwide			
Nationwide			
Nationwide			
Nationwide			
Nationwide			
Nationwide			
Nationwide			
Kratie			
Battambang			
Kampong Thom			
Pursat			
Preah Vihear			
Siem Reap			
Stung Treng			
Mondul Kiri			
Nationwide			
Battambang			
Banteay Meanchey			
Pailin			
Pursat			
Phnom Penh			
Nationwide			
Nationwide			
Nationwide			
Battambang			
Banteay Meanchey			
Pailin			
Pursat			
Phnom Penh			
Nationwide			
Nationwide			
Nationwide			
Pailin			
Kampong Cham			
Mondul Kiri			
Koh Kong			
Kratie			
Siem Reap			
Ratanak Kiri			
Stung Treng			
Preah Vihear			
Otdar Meanchey			
Siem Reap			
Banteay Meanchey			
Battambang			
Kampong Cham			
Kampong Chhnang			
Kampot			
Pursat			
Svay Rieng			
Takeo			
Koh Kong			
Phnom Penh			
Nationwide			
Nationwide			
Pursat			
Siem Reap			
Banteay Meanchey			
Battambang			
Kampong Cham			
Kampong Chhnang			
Takeo			
Kampong Speu			
Kampong Thom			
Svay Rieng			
Phnom Penh			
Preah Sihanouk			
Kandal			
Prey Veng			
Koh Kong			
Kampot			
Battambang			
Kampong Chhnang			
Kampong Speu			
Kampong Thom			
Siem Reap			
Pailin			
Ratanak Kiri			
Prey Veng			
Koh Kong			
Kratie			
Kampong Thom			
Kandal			
Preah Sihanouk			
Mondul Kiri			
Otdar Meanchey			
Pursat			
Kep			
Stung Treng			
Svay Rieng			
Takeo			
Preah Vihear			
Kampong Speu			
Kampong Cham			
Banteay Meanchey			
Phnom Penh			
Kampong Chhnang			
Kampot			
Battambang			
Siem Reap			
Pailin			
Ratanak Kiri			
Prey Veng			
Koh Kong			
Kratie			
Kampong Thom			
Kandal			
Preah Sihanouk			
Mondul Kiri			
Otdar Meanchey			
Pursat			
Kep			
Stung Treng			
Svay Rieng			
Takeo			
Preah Vihear			
Kampong Speu			
Kampong Cham			
Banteay Meanchey			
Phnom Penh			
Kampong Chhnang			
Kampot			
Battambang			
Siem Reap			
Koh Kong			
Phnom Penh			
Pursat			
Kandal			
Takeo			
Preah Sihanouk			
Banteay Meanchey			
Pailin			
Battambang			
Prey Veng			
Kampong Cham			
Kratie			
Preah Vihear			
Kampong Speu			
Siem Reap			
Stung Treng			
Svay Rieng			
Kampong Thom			
Kampong Chhnang			
Kampot			
Otdar Meanchey			
Prey Veng			
Svay Rieng			
Siem Reap			
Battambang			
Pursat			
Kampong Chhnang			
Banteay Meanchey			
Kratie			
Kampong Thom			
Kampong Thom			
Kampong Cham			
Prey Veng			
Kandal			
Kratie			
Kampong Thom			
Kampong Chhnang			
Kandal			
Takeo			
Kampong Speu			
Banteay Meanchey			
Svay Rieng			
Prey Veng			
Battambang			
Otdar Meanchey			
Siem Reap			
Pursat			
Kampong Cham			
Kampot			
Prey Veng			
Kampong Thom			
Pursat			
Preah Vihear			
Siem Reap			
Kampong Chhnang			
Kampong Thom			
Kampong Speu			
Siem Reap			
Banteay Meanchey			
Pursat			
Nationwide			
Nationwide			
Nationwide			
Nationwide			
Nationwide			
Nationwide			
Nationwide			
Nationwide			
Nationwide			
Kampot			
Banteay Meanchey			
Prey Veng			
Siem Reap			
Kampong Speu			
Kampong Cham			
Kandal			
Phnom Penh			
Svay Rieng			
Battambang			
Takeo			
Nationwide			
Stung Treng			
Mondul Kiri			
Nationwide			
Nationwide			
Nationwide			
Nationwide			
Nationwide			
Nationwide			
Nationwide			
Nationwide			
Nationwide			
Phnom Penh			
			
Phnom Penh			
Phnom Penh			
Phnom Penh			
Phnom Penh			
Phnom Penh			
Nationwide			
Nationwide			
Nationwide			
Phnom Penh			
Nationwide			
Phnom Penh			
Nationwide			
Siem Reap			
Otdar Meanchey			
Kampong Thom			
Preah Vihear			
Phnom Penh			
Phnom Penh			
Nationwide			
Nationwide			
Nationwide			
Prey Veng			
Kampong Speu			
Kandal			
Kampong Chhnang			
Svay Rieng			
Phnom Penh			
Nationwide			
Phnom Penh			
Nationwide			
Banteay Meanchey			
Kampong Cham			
Siem Reap			
Kampong Chhnang			
Battambang			
Nationwide			
Nationwide			
Banteay Meanchey			
Otdar Meanchey			
Pursat			
Preah Sihanouk			
Nationwide			
Nationwide			
Nationwide			
Battambang			
Banteay Meanchey			
Siem Reap			
Kampong Chhnang			
Kampong Cham			
Kampong Thom			
Siem Reap			
Kampong Chhnang			
Otdar Meanchey			
Kampong Thom			
Kampong Cham			
Banteay Meanchey			
Kep			
Otdar Meanchey			
Takeo			
Svay Rieng			
Prey Veng			
Phnom Penh			
Kampong Thom			
Kampong Chhnang			
Kampong Cham			
Banteay Meanchey			
Pailin			
Kampong Cham			
Otdar Meanchey			
Battambang			
Banteay Meanchey			
Pursat			
Nationwide			
Kandal			
Svay Rieng			
Prey Veng			
Kep			
Otdar Meanchey			
Takeo			
Svay Rieng			
Prey Veng			
Phnom Penh			
Kampong Thom			
Kampong Chhnang			
Kampong Cham			
Banteay Meanchey			
Pailin			
Stung Treng			
Phnom Penh			
Kratie			
Nationwide			
Nationwide			
Nationwide			
Nationwide			
Nationwide			
Nationwide			
Nationwide			
Nationwide			
Nationwide			
Nationwide			
Nationwide			
Nationwide			
Nationwide			
Nationwide			
Nationwide			
Nationwide			
Nationwide			
			
Nationwide			
			
Preah Vihear			
Siem Reap			
Kandal			
Svay Rieng			
Prey Veng			
Takeo			
Banteay Meanchey			
Siem Reap			
Nationwide			
Nationwide			
Nationwide			
Nationwide			
Nationwide			
Nationwide			
Nationwide			
			
Takeo			
Kampong Thom			
Kampot			
Nationwide			
Nationwide			
Nationwide			
Battambang			
Kampot			
Kampong Cham			
Siem Reap			
Kampong Thom			
Kampong Chhnang			
Kampong Cham			
Banteay Meanchey			
Kandal			
Phnom Penh			
Battambang			
Kratie			
Nationwide			
Prey Veng			
Siem Reap			
Battambang			
Phnom Penh			
Kampong Cham			
Kandal			
Prey Veng			
Banteay Meanchey			
Kratie			
Siem Reap			
Kampong Thom			
Kampong Chhnang			
Kandal			
Phnom Penh			
Nationwide			
Nationwide			
Battambang			
Siem Reap			
Banteay Meanchey			
Kampong Thom			
Prey Veng			
Nationwide			
Kampong Cham			
Svay Rieng			
Nationwide			
Nationwide			
Nationwide			
Nationwide			
Phnom Penh			
Kampong Speu			
Kandal			
Pailin			
Svay Rieng			
Prey Veng			
Pailin			
Nationwide			
Pursat			
Kampong Thom			
Kampong Chhnang			
Battambang			
Banteay Meanchey			
Pursat			
Pailin			
Battambang			
Banteay Meanchey			
			
Nationwide			
Kampong Thom			
Svay Rieng			
Pursat			
Banteay Meanchey			
Mondul Kiri			
Pailin			
Phnom Penh			
Otdar Meanchey			
Siem Reap			
Kratie			
Kampong Speu			
Battambang			
Nationwide			
Phnom Penh			
Nationwide			
Nationwide			
Nationwide			
Nationwide			
Nationwide			
Nationwide			
Nationwide			
Nationwide			
Phnom Penh			
Banteay Meanchey			
Stung Treng			
Kampong Speu			
Nationwide			
Nationwide			
Nationwide			
Siem Reap			
Battambang			
Takeo			
Prey Veng			
Siem Reap			
Svay Rieng			
Kampong Thom			
Nationwide			
Nationwide			
Nationwide			
Kampong Thom			
Preah Vihear			
Pursat			
Battambang			
Otdar Meanchey			
Pailin			
Preah Vihear			
Battambang			
Banteay Meanchey			
Phnom Penh			
Phnom Penh			
Nationwide			
Nationwide			
Nationwide			
Kampong Chhnang			
Svay Rieng			
Prey Veng			
Kampong Speu			
Nationwide			
Nationwide			
Phnom Penh			
Banteay Meanchey			
Preah Sihanouk			
Battambang			
Kampong Chhnang			
Phnom Penh			
Kampong Speu			
Prey Veng			
Takeo			
Kampong Cham			
Phnom Penh			
Siem Reap			
Nationwide			
Nationwide			
Kampot			
Koh Kong			
Nationwide			
Nationwide			
Phnom Penh			
Svay Rieng			
Prey Veng			
Banteay Meanchey			
Battambang			
Nationwide			
Nationwide			
Battambang			
Kampong Chhnang			
Kandal			
Battambang			
Kampong Cham			
Siem Reap			
Otdar Meanchey			
Battambang			
Nationwide			
Nationwide			
Nationwide			
Ratanak Kiri			
Banteay Meanchey			
Prey Veng			
Kampong Thom			
Preah Vihear			
Takeo			
Kampong Cham			
Siem Reap			
Otdar Meanchey			
Svay Rieng			
Kampong Speu			
Kampong Speu			
Kampong Cham			
Siem Reap			
Otdar Meanchey			
Kampong Cham			
Siem Reap			
Otdar Meanchey			
Nationwide			
Nationwide			
Kampong Speu			
Phnom Penh			
Banteay Meanchey			
Kampong Thom			
Siem Reap			
Takeo			
Banteay Meanchey			
Kampong Thom			
Siem Reap			
Takeo			
Nationwide			
Phnom Penh			
Nationwide			
Nationwide			
Kampong Speu			
Phnom Penh			
Siem Reap			
Pursat			
Kampong Chhnang			
Preah Vihear			
Kampong Cham			
Kampong Thom			
			
Pailin			
Battambang			
Banteay Meanchey			
Nationwide			
Nationwide			
Nationwide			
Nationwide			
Svay Rieng			
Prey Veng			
Banteay Meanchey			
Battambang			
Nationwide			
Nationwide			
Nationwide			
Nationwide			
Nationwide			
Nationwide			
Prey Veng			
Svay Rieng			
Nationwide			
Nationwide			
Pursat			
Banteay Meanchey			
Kampong Chhnang			
Nationwide			
Svay Rieng			
Prey Veng			
Banteay Meanchey			
Battambang			
Nationwide			
Nationwide			
Nationwide			
Nationwide			
Nationwide			
Banteay Meanchey			
Otdar Meanchey			
Battambang			
Siem Reap			
Battambang			
Siem Reap			
Kampong Chhnang			
Pursat			
Kampong Thom			
Nationwide			
Nationwide			
Nationwide			
Nationwide			
Nationwide			
Nationwide			
Nationwide			
Nationwide			
Nationwide			
Banteay Meanchey			
Otdar Meanchey			
Battambang			
Siem Reap			
Nationwide			
Nationwide			
Nationwide			
Nationwide			
			
			
Ratanak Kiri			
Stung Treng			
			
Kampot			
Kandal			
Nationwide			
Kandal			
Kampong Thom			
Preah Vihear			
Mondul Kiri			
Pursat			
Phnom Penh			
			
Battambang			
Banteay Meanchey			
Prey Veng			
Battambang			
Battambang			
Pailin			
Battambang			
Banteay Meanchey			
Kandal			
Battambang			
Kandal			
Phnom Penh			
Kampong Thom			
Preah Vihear			
Kandal			
Phnom Penh			
Phnom Penh			
Kampot			
Phnom Penh			
Mondul Kiri			
Nationwide			
Stung Treng			
Phnom Penh			
Preah Sihanouk			
Preah Vihear			
Kampong Thom			
Kampong Cham			
Siem Reap			
Kampong Speu			
Kampong Cham			
Kampong Speu			
Preah Sihanouk			
Prey Veng			
Phnom Penh			
Nationwide			
Siem Reap			
Kampong Cham			
Prey Veng			
Kandal			
Mondul Kiri			
Preah Vihear			
Stung Treng			
Koh Kong			
Ratanak Kiri			
Phnom Penh			
Kratie			
Kratie			
Mondul Kiri			
Phnom Penh			
Phnom Penh			
Phnom Penh			
Stung Treng			
Kratie			
Stung Treng			
Kratie			
Battambang			
Kampong Thom			
			
Siem Reap			
Battambang			
Siem Reap			
Kampong Chhnang			
Pursat			
Kampong Thom			
Battambang			
Pailin			
Battambang			
Battambang			
Banteay Meanchey			
Prey Veng			
Kampong Cham			
			
Nationwide			
Kampot			
Kratie			
Pursat			
Koh Kong			
Preah Sihanouk			
Siem Reap			
Kep			
Nationwide			
Nationwide			
Nationwide			
Nationwide			
Kampong Cham			
Kampong Speu			
Kampong Thom			
Kampot			
Kratie			
Mondul Kiri			
Preah Vihear			
Pursat			
Siem Reap			
Preah Sihanouk			
Stung Treng			
Kep			
Koh Kong			
Ratanak Kiri			
Nationwide			
Nationwide			
Siem Reap			
Phnom Penh			
Preah Sihanouk			
Phnom Penh			
Koh Kong			
Kandal			
Kampot			
Prey Veng			
Mondul Kiri			
Battambang			
Pursat			
Banteay Meanchey			
Kampong Speu			
Phnom Penh			
Kampong Cham			
Kampong Speu			
Nationwide			
Ratanak Kiri			
Ratanak Kiri			
Battambang			
Siem Reap			
Kampong Chhnang			
Pursat			
Kampong Thom			
Battambang			
Nationwide			
Siem Reap			
Phnom Penh			
Siem Reap			
Nationwide			
Kampong Chhnang			
Ratanak Kiri			
Prey Veng			
Banteay Meanchey			
Battambang			
Mondul Kiri			
Kampong Thom			
Takeo			
Phnom Penh			
Pursat			
Pursat			
Kampong Chhnang			
Kampong Cham			
Kampong Speu			
Takeo			
Svay Rieng			
Kampot			
Kandal			
Phnom Penh			
Battambang			
Kampot			
Phnom Penh			
Siem Reap			
Nationwide			
Nationwide			
Nationwide			
Nationwide			
Mondul Kiri			
Ratanak Kiri			
Nationwide			
Kampong Thom			
Nationwide			
Nationwide			
Nationwide			
Kampong Thom			
Phnom Penh			
Battambang			
Siem Reap			
Kampong Chhnang			
Pursat			
Kampong Thom			
Nationwide			
Ratanak Kiri			
Phnom Penh			
Ratanak Kiri			
Battambang			
Kampong Cham			
Pursat			
Phnom Penh			
Kampong Cham			
Nationwide			
Nationwide			
Phnom Penh			
Kampot			
Svay Rieng			
Kampong Cham			
Kampong Thom			
Pursat			
Preah Sihanouk			
Battambang			
Phnom Penh			
Kandal			
Battambang			
Kampong Chhnang			
Banteay Meanchey			
Prey Veng			
Svay Rieng			
Pursat			
Siem Reap			
Kratie			
Preah Sihanouk			
Mondul Kiri			
Otdar Meanchey			
Battambang			
Kampong Speu			
Kampong Thom			
Stung Treng			
Stung Treng			
Kampong Thom			
Siem Reap			
Kampong Speu			
Kampong Chhnang			
Pursat			
Prey Veng			
Takeo			
Kampong Cham			
Phnom Penh			
Nationwide			
Kampong Thom			
Battambang			
Banteay Meanchey			
Battambang			
Phnom Penh			
Nationwide			
Phnom Penh			
Nationwide			
Battambang			
Battambang			
Kampong Thom			
Kandal			
Takeo			
Svay Rieng			
Siem Reap			
Prey Veng			
Kampong Speu			
Kampot			
Kampong Cham			
Nationwide			
Phnom Penh			
Kampong Speu			
Kampot			
Prey Veng			
Ratanak Kiri			
Stung Treng			
Svay Rieng			
Takeo			
Banteay Meanchey			
Nationwide			
Nationwide			
Ratanak Kiri			
Nationwide			
Nationwide			
Nationwide			
Nationwide			
Battambang			
Siem Reap			
Banteay Meanchey			
Nationwide			
Nationwide			
Banteay Meanchey			
Otdar Meanchey			
Battambang			
Siem Reap			
Nationwide			
Nationwide			
Nationwide			
Preah Vihear			
Ratanak Kiri			
Prey Veng			
Kratie			
Banteay Meanchey			
Pursat			
Kampong Cham			
Kampong Chhnang			
Battambang			
Preah Vihear			
Kampong Thom			
Kampong Thom			
Preah Vihear			
Kampong Cham			
Kampong Thom			
Prey Veng			
Nationwide			
Nationwide			
Nationwide			
Phnom Penh			
Kampong Chhnang			
Pursat			
Prey Veng			
Banteay Meanchey			
Kandal			
Phnom Penh			
Prey Veng			
Siem Reap			
Svay Rieng			
Battambang			
Pailin			
Pursat			
Battambang			
Nationwide			
Koh Kong			
Svay Rieng			
Preah Sihanouk			
Kampot			
Pursat			
Pailin			
Prey Veng			
Battambang			
Takeo			
Kandal			
Nationwide			
Nationwide			
Nationwide			
Battambang			
Siem Reap			
Kampong Chhnang			
Pursat			
Kampong Thom			
Battambang			
Nationwide			
Battambang			
Prey Veng			
Siem Reap			
Svay Rieng			
Kampong Speu			
Phnom Penh			
Nationwide			
Banteay Meanchey			
Nationwide			
Nationwide			
Phnom Penh			
Nationwide			
Nationwide			
Phnom Penh			
Kampong Cham			
Siem Reap			
Nationwide			
Battambang			
Siem Reap			
Otdar Meanchey			
Banteay Meanchey			
Kampong Thom			
Kampong Speu			
Prey Veng			
Svay Rieng			
Takeo			
Preah Vihear			
Siem Reap			
Banteay Meanchey			
Siem Reap			
Kampong Chhnang			
Kampong Thom			
Banteay Meanchey			
Takeo			
Kampong Speu			
Phnom Penh			
Kampong Cham			
Otdar Meanchey			
Preah Vihear			
Mondul Kiri			
Banteay Meanchey			
Otdar Meanchey			
Siem Reap			
Prey Veng			
Kampong Chhnang			
Ratanak Kiri			
Pursat			
Prey Veng			
Phnom Penh			
Kampong Cham			
Kampong Chhnang			
Kampong Cham			
Battambang			
Siem Reap			
Kampong Cham			
Kratie			
Kampong Thom			
Stung Treng			
Koh Kong			
Prey Veng			
Mondul Kiri			
Kandal			
Phnom Penh			
Pursat			
Kampong Thom			
Battambang			
Banteay Meanchey			
Phnom Penh			
Nationwide			
Kampong Speu			
Banteay Meanchey			
Kampong Chhnang			
Kratie			
Kampong Thom			
Nationwide			
Kampong Speu			
Prey Veng			
Kampong Chhnang			
Takeo			
Pursat			
Ratanak Kiri			
Mondul Kiri			
Ratanak Kiri			
Ratanak Kiri			
Nationwide			
Siem Reap			
Siem Reap			
Banteay Meanchey			
Nationwide			
Phnom Penh			
Phnom Penh			
Siem Reap			
Stung Treng			
Ratanak Kiri			
Nationwide			
Kampong Cham			
Siem Reap			
Battambang			
Banteay Meanchey			
Pursat			
Prey Veng			
Svay Rieng			
Nationwide			
Kampong Speu			
Kratie			
Prey Veng			
Svay Rieng			
Pursat			
Kampong Cham			
Kampong Thom			
Prey Veng			
Battambang			
Banteay Meanchey			
Kampong Thom			
Ratanak Kiri			
Otdar Meanchey			
Phnom Penh			
Kampot			
Svay Rieng			
Kampong Cham			
Kampong Thom			
Pursat			
Preah Sihanouk			
Battambang			
Battambang			
Siem Reap			
Banteay Meanchey			
Nationwide			
			
Pailin			
Kampong Speu			
Phnom Penh			
Phnom Penh			
Kampong Thom			
Ratanak Kiri			
Stung Treng			
Takeo			
Kampong Speu			
Banteay Meanchey			
Otdar Meanchey			
Nationwide			
Preah Sihanouk			
Preah Vihear			
Preah Vihear			
Nationwide			
Nationwide			
Nationwide			
			
Takeo			
Prey Veng			
Siem Reap			
Kampong Thom			
Battambang			
Stung Treng			
Kampot			
Ratanak Kiri			
Pailin			
Kampong Thom			
Preah Sihanouk			
Kampong Chhnang			
Prey Veng			
Kampong Speu			
Nationwide			
Prey Veng			
Kampong Thom			
Battambang			
Takeo			
Kratie			
Kandal			
Prey Veng			
Prey Veng			
Koh Kong			
Takeo			
Nationwide			
Ratanak Kiri			
Kampong Cham			
Siem Reap			
Kampong Cham			
Siem Reap			
Pailin			
Kampong Speu			
Kampong Chhnang			
Pursat			
Koh Kong			
Siem Reap			
Pursat			
Battambang			
Banteay Meanchey			
Kampong Chhnang			
Kampong Thom			
Stung Treng			
Otdar Meanchey			
Pursat			
Preah Vihear			
Kratie			
Kandal			
Nationwide			
Prey Veng			
Ratanak Kiri			
Kandal			
Nationwide			
Otdar Meanchey			
Stung Treng			
Kampong Thom			
Preah Sihanouk			
Siem Reap			
Kampong Chhnang			
Battambang			
Kratie			
Svay Rieng			
Ratanak Kiri			
Kampot			
Takeo			
Banteay Meanchey			
Phnom Penh			
Prey Veng			
Kampong Cham			
Kandal			
Kampot			
Takeo			
Nationwide			
Preah Vihear			
Kratie			
Banteay Meanchey			
Battambang			
Kampong Chhnang			
Prey Veng			
Pursat			
Siem Reap			
Kampong Thom			
Mondul Kiri			
Ratanak Kiri			
Banteay Meanchey			
Pursat			
Svay Rieng			
Kampong Chhnang			
Kratie			
Kampong Speu			
Siem Reap			
Phnom Penh			
Preah Sihanouk			
Preah Vihear			
			
Kampong Cham			
Prey Veng			
Kandal			
Kampong Thom			
Nationwide			
Nationwide			
Nationwide			
Prey Veng			
Pailin			
Koh Kong			
Phnom Penh			
Kampong Thom			
Preah Vihear			
Battambang			
Otdar Meanchey			
Prey Veng			
Kampong Cham			
Otdar Meanchey			
Battambang			
Nationwide			
Nationwide			
Nationwide			
Kampong Chhnang			
Takeo			
Pursat			
Kampong Speu			
Kampong Chhnang			
Nationwide			
Ratanak Kiri			
Siem Reap			
Kampong Chhnang			
Kampong Thom			
Nationwide			
Pursat			
Nationwide			
Nationwide			
Ratanak Kiri			
Pursat			
Nationwide			
Nationwide			
Siem Reap			
Battambang			
Kampong Chhnang			
Pursat			
Prey Veng			
Siem Reap			
Nationwide			
Preah Vihear			
Kampong Thom			
Kratie			
Stung Treng			
Nationwide			
Stung Treng			
Nationwide			
Phnom Penh			
Nationwide			
Nationwide			
Nationwide			
Nationwide			
Nationwide			
			
Nationwide			
Nationwide			
Nationwide			
Nationwide			
Kratie			
Stung Treng			
Mondul Kiri			
Ratanak Kiri			
Kampot			
Preah Sihanouk			
Nationwide			
Otdar Meanchey			
Preah Vihear			
Otdar Meanchey			
Nationwide			
Otdar Meanchey			
Preah Vihear			
Mondul Kiri			
Ratanak Kiri			
Koh Kong			
Pursat			
Kampong Thom			
Battambang			
Kampong Chhnang			
Kampong Speu			
Phnom Penh			
Stung Treng			
Svay Rieng			
Kandal			
Mondul Kiri			
Nationwide			
Prey Veng			
Kratie			
Kampong Speu			
Phnom Penh			
Kandal			
Pursat			
Banteay Meanchey			
Preah Sihanouk			
Battambang			
Nationwide			
Nationwide			
Nationwide			
Preah Sihanouk			
Siem Reap			
Phnom Penh			
Kampong Cham			
Otdar Meanchey			
Otdar Meanchey			
Battambang			
Kampong Cham			
Kampong Thom			
Preah Vihear			
Siem Reap			
Takeo			
Stung Treng			
Kratie			
Kampong Thom			
Nationwide			
Kampot			
Koh Kong			
Preah Sihanouk			
Nationwide			
Nationwide			
Otdar Meanchey			
Nationwide			
Nationwide			
Nationwide			
Koh Kong			
Nationwide			
Nationwide			
Nationwide			
Pursat			
Kampong Thom			
Kampong Chhnang			
Phnom Penh			
Nationwide			
Nationwide			
Nationwide			
Nationwide			
Kampong Cham			
Svay Rieng			
Kampong Chhnang			
Pursat			
Takeo			
Nationwide			
Nationwide			
Nationwide			
Kampot			
Koh Kong			
Preah Sihanouk			
Nationwide			
Nationwide			
Kampong Speu			
Svay Rieng			
Banteay Meanchey			
Otdar Meanchey			
Siem Reap			
Nationwide			
Preah Vihear			
Mondul Kiri			
Ratanak Kiri			
Nationwide			
Prey Veng			
Kampong Thom			
Nationwide			
Kampot			
Takeo			
Battambang			
Banteay Meanchey			
Kampot			
Preah Sihanouk			
Prey Veng			
Kampong Speu			
Kratie			
Stung Treng			
Mondul Kiri			
Ratanak Kiri			
Nationwide			
Nationwide			
Nationwide			
Nationwide			
Nationwide			
Nationwide			
Nationwide			
Banteay Meanchey			
Otdar Meanchey			
Kampong Chhnang			
Kampong Thom			
Battambang			
Pursat			
Siem Reap			
Nationwide			
Nationwide			
Nationwide			
Kampot			
Kep			
Koh Kong			
Preah Sihanouk			
Nationwide			
Nationwide			
Battambang			
Siem Reap			
Otdar Meanchey			
Banteay Meanchey			
Kampong Thom			
Kampong Speu			
Prey Veng			
Svay Rieng			
Takeo			
Preah Vihear			
Nationwide			
Otdar Meanchey			
Preah Vihear			
Takeo			
Nationwide			
Nationwide			
Battambang			
Nationwide			
Phnom Penh			
Phnom Penh			
Nationwide			
Pursat			
Nationwide			
Nationwide			
Nationwide			
Nationwide			
Nationwide			
Nationwide			
Nationwide			
Kampot			
Kep			
Koh Kong			
Preah Sihanouk			
Nationwide			
Takeo			
Siem Reap			
Kampot			
Pursat			
Takeo			
Pursat			
Battambang			
Kampot			
Kampong Cham			
Kampong Thom			
Siem Reap			
Nationwide			
Nationwide			
Nationwide			
Banteay Meanchey			
Otdar Meanchey			
Siem Reap			
Preah Vihear			
Kampong Thom			
Ratanak Kiri			
Siem Reap			
Nationwide			
Nationwide			
Nationwide			
Nationwide			
Nationwide			
Nationwide			
Prey Veng			
Kandal			
Kampot			
Svay Rieng			
Takeo			
Nationwide			
Kampong Chhnang			
Takeo			
Pursat			
Kampong Speu			
Kampong Chhnang			
Nationwide			
Pursat			
Kampong Thom			
Kampong Chhnang			
Nationwide			
Nationwide			
Nationwide			
Nationwide			
Otdar Meanchey			
Kampong Chhnang			
Preah Vihear			
Kandal			
Battambang			
Siem Reap			
Kampong Chhnang			
Pursat			
Kampong Thom			
Kampong Speu			
Phnom Penh			
Nationwide			
Siem Reap			
Phnom Penh			
Kampong Cham			
Battambang			
Nationwide			
Kampong Thom			
Siem Reap			
Battambang			
Kampong Chhnang			
Kampong Thom			
Battambang			
Kampong Chhnang			
Kampong Speu			
Nationwide			
Nationwide			
Nationwide			
Phnom Penh			
Phnom Penh			
Kampong Cham			
Kampot			
Nationwide			
Nationwide			
Nationwide			
Nationwide			
Banteay Meanchey			
Preah Sihanouk			
Battambang			
Kampong Chhnang			
Phnom Penh			
Kampong Speu			
Ratanak Kiri			
Nationwide			
Phnom Penh			
Siem Reap			
Prey Veng			
Kampong Speu			
Nationwide			
Kandal			
Phnom Penh			
Nationwide			
Nationwide			
Nationwide			
Kampong Speu			
Kampong Cham			
Kampot			
Battambang			
Prey Veng			
Takeo			
Kampong Thom			
Preah Sihanouk			
Siem Reap			
Kandal			
Phnom Penh			
Kampong Speu			
Kampong Cham			
Kampot			
Battambang			
Prey Veng			
Takeo			
Kampong Thom			
Preah Sihanouk			
Siem Reap			
Kandal			
Phnom Penh			
Kampong Chhnang			
Battambang			
Kampong Cham			
Kampong Thom			
Kampong Speu			
Pursat			
Siem Reap			
Nationwide			
Battambang			
Banteay Meanchey			
Battambang			
Siem Reap			
Preah Vihear			
Otdar Meanchey			
Nationwide			
Nationwide			
Koh Kong			
Prey Veng			
Banteay Meanchey			
Otdar Meanchey			
Svay Rieng			
Nationwide			
Mondul Kiri			
Phnom Penh			
Ratanak Kiri			
Banteay Meanchey			
Siem Reap			
Kampong Thom			
Nationwide			
Siem Reap			
Phnom Penh			
Nationwide			
Nationwide			
Battambang			
Siem Reap			
Kampong Chhnang			
Pursat			
Kampong Thom			
Battambang			
Siem Reap			
Kampong Chhnang			
Pursat			
Kampong Thom			
Battambang			
Siem Reap			
Kampong Chhnang			
Pursat			
Kampong Thom			
Nationwide			
Nationwide			
Kampong Thom			
Nationwide			
Phnom Penh			
Siem Reap			
Nationwide			
Nationwide			
Nationwide			
Phnom Penh			
Koh Kong			
Pursat			
Phnom Penh			
Phnom Penh			
Kampot			
Siem Reap			
Takeo			
Battambang			
Kratie			
Kampong Cham			
Nationwide			
Nationwide			
Stung Treng			
Nationwide			
Nationwide			
Phnom Penh			
Phnom Penh			
Kampong Cham			
Koh Kong			
Kratie			
Phnom Penh			
Phnom Penh			
Battambang			
Siem Reap			
Siem Reap			
Nationwide			
Nationwide			
Nationwide			
Nationwide			
Nationwide			
Nationwide			
Nationwide			
Nationwide			
Nationwide			
Nationwide			
Nationwide			
Phnom Penh			
Nationwide			
Nationwide			
Siem Reap			
Phnom Penh			
Nationwide			
Phnom Penh			
Phnom Penh			
Nationwide			
Nationwide			
Battambang			
Phnom Penh			
Phnom Penh			
Nationwide			
Nationwide			
			
Nationwide			
Takeo			
Phnom Penh			
Nationwide			
Nationwide			
Nationwide			
Nationwide			
Nationwide			
Kandal			
Phnom Penh			
Kandal			
Siem Reap			
Pursat			
Battambang			
Banteay Meanchey			
Phnom Penh			
Kampong Chhnang			
Svay Rieng			
Prey Veng			
Kampong Speu			
Kampot			
Koh Kong			
Preah Sihanouk			
Nationwide			
Nationwide			
Nationwide			
Nationwide			
Kampot			
Kampong Speu			
Phnom Penh			
Phnom Penh			
Takeo			
Preah Sihanouk			
Phnom Penh			
Kampong Thom			
Siem Reap			
Phnom Penh			
Prey Veng			
Battambang			
Banteay Meanchey			
Kampong Cham			
Nationwide			
Takeo			
Banteay Meanchey			
Battambang			
Kampong Cham			
Pursat			
Kampong Thom			
Kampong Chhnang			
Kampong Speu			
Siem Reap			
Nationwide			
Phnom Penh			
Preah Sihanouk			
Kampong Thom			
Kampong Cham			
Ratanak Kiri			
Mondul Kiri			
Nationwide			
Kampong Cham			
Battambang			
Pursat			
Kandal			
Kratie			
Nationwide			
Phnom Penh			
Phnom Penh			
Nationwide			
Nationwide			
Nationwide			
Kampong Speu			
Preah Sihanouk			
Nationwide			
Nationwide			
Phnom Penh			
Phnom Penh			
Phnom Penh			
Nationwide			
Phnom Penh			
Nationwide			
Nationwide			
Nationwide			
Nationwide			
Phnom Penh			
Kampong Cham			
Kratie			
Nationwide			
Phnom Penh			
Nationwide			
Siem Reap			
Banteay Meanchey			
Kandal			
Kampong Thom			
Nationwide			
Nationwide			
			
Nationwide			
			
Nationwide			
Nationwide			
Nationwide			
Nationwide			
Nationwide			
Nationwide			
Nationwide			
Nationwide			
Nationwide			
Nationwide			
Nationwide			
			
Nationwide			
Nationwide			
Kratie			
Siem Reap			
Kampong Chhnang			
Kampong Thom			
Prey Veng			
Kampong Cham			
Kratie			
Kampong Cham			
Nationwide			
Nationwide			
Kampong Thom			
Kampong Speu			
Kampot			
Kampong Speu			
Kampong Thom			
Prey Veng			
Kampot			
Kep			
Nationwide			
Nationwide			
Nationwide			
Nationwide			
Nationwide			
Nationwide			
Nationwide			
Nationwide			
Siem Reap			
Nationwide			
Siem Reap			
Nationwide			
Siem Reap			
Nationwide			
Nationwide			
Nationwide			
Nationwide			
Nationwide			
Kampot			
Nationwide			
Kampong Thom			
Kampot			
Kampong Speu			
Takeo			
Kampot			
Kampong Speu			
Takeo			
Siem Reap			
Kampong Thom			
Siem Reap			
Kampong Thom			
			
Kampong Cham			
Kampong Chhnang			
Pursat			
Nationwide			
Nationwide			
Nationwide			
Kampot			
Nationwide			
Kampong Thom			
			
Kampong Speu			
Kampong Thom			
Prey Veng			
Kampot			
Kep			
Kampong Thom			
Kampot			
Prey Veng			
Kampong Speu			
Kampong Thom			
Prey Veng			
Kampot			
Kep			
Kampong Thom			
Kampot			
Prey Veng			
Kampong Thom			
Kampot			
Prey Veng			
Banteay Meanchey			
Kampong Cham			
Siem Reap			
Kampong Thom			
Nationwide			
Nationwide			
Nationwide			
Phnom Penh			
Nationwide			
Nationwide			
Nationwide			
Kampot			
Nationwide			
Kampong Thom			
Nationwide			
Nationwide			
Nationwide			
Svay Rieng			
Prey Veng			
Banteay Meanchey			
Battambang			
Kampot			
Preah Sihanouk			
